{
  "max_depth": 12,
  "learning_rate": 0.05667130382026883,
  "n_estimators": 300,
  "subsample": 0.9238708511843299,
  "colsample_bytree": 0.7167064094317155,
  "gamma": 0.39553155471798773,
  "min_child_weight": 1.6556267200701262,
  "reg_alpha": 0.10565672942362851,
  "reg_lambda": 1.179347020355599,
  "random_state": 42,
  "n_jobs": -1,
  "verbose": -1
}