Feature1,Feature2,Correlation
BIRTHYR,NACCAGE,-0.882562289754775
BIRTHYR,NACCAGEB,-0.8958582290275547
NACCAGE,NACCAGEB,0.928531095595777
INCALLS,INVISITS,0.9002017130805791
TAXES,BILLS,0.739681819579898
