Feature,Outlier_Count,Outlier_Percentage,Q1,Q3,IQR
NACCTIYR,7005,3.6362409418409083,8888.0,8888.0,0.0
NACCSTYR,5223,2.7112186208758127,8888.0,8888.0,0.0
PDOTHRYR,3947,2.048856958950188,8888.0,8888.0,0.0
TBIYEAR,2847,1.477855526255684,8888.0,8888.0,0.0
PDYR,2489,1.2920205145242,8888.0,8888.0,0.0
HATTYEAR,572,0.296920745001142,8888.0,8888.0,0.0
INBIRYR,3886,2.01719233404622,1940.0,1957.0,17.0
SMOKYRS,38457,19.962729179211394,0.0,4.0,4.0
